{"cameraMode":{"drawMode":0,"name":"Shaded","section":"Shading Mode"},"sceneLighting":true,"audioPlay":false,"sceneViewState":{"m_AlwaysRefresh":false,"showFog":true,"showSkybox":true,"showFlares":true,"showImageEffects":true,"showParticleSystems":true,"showVisualEffectGraphs":true,"m_FxEnabled":true},"in2DMode":false,"pivot":{"x":-41.7064208984375,"y":17.674060821533204,"z":56.27495193481445},"rotation":{"x":0.08264339715242386,"y":0.39162182807922366,"z":-0.035346660763025287,"w":0.9157719016075134},"size":0.851203203201294,"orthographic":false}