{"cameraMode":{"drawMode":0,"name":"Shaded","section":"Shading Mode"},"sceneLighting":true,"audioPlay":false,"sceneViewState":{"m_AlwaysRefresh":false,"showFog":true,"showSkybox":true,"showFlares":true,"showImageEffects":true,"showParticleSystems":true,"showVisualEffectGraphs":true,"m_FxEnabled":true},"in2DMode":false,"pivot":{"x":24.883052825927736,"y":29.86483383178711,"z":20.371440887451173},"rotation":{"x":0.28896620869636538,"y":-0.5781807899475098,"z":0.22960147261619569,"w":0.7277083992958069},"size":7.216835021972656,"orthographic":false}