{"cameraMode":{"drawMode":0,"name":"Shaded","section":"Shading Mode"},"sceneLighting":true,"audioPlay":false,"sceneViewState":{"m_AlwaysRefresh":false,"showFog":true,"showSkybox":true,"showFlares":true,"showImageEffects":true,"showParticleSystems":true,"showVisualEffectGraphs":true,"m_FxEnabled":true},"in2DMode":false,"pivot":{"x":-22.731130599975587,"y":12.003734588623047,"z":22.74187469482422},"rotation":{"x":0.20985904335975648,"y":0.2749151885509491,"z":-0.06162524223327637,"w":0.9362690448760986},"size":4.838276386260986,"orthographic":false}