{"cameraMode":{"drawMode":0,"name":"Shaded","section":"Shading Mode"},"sceneLighting":true,"audioPlay":false,"sceneViewState":{"m_AlwaysRefresh":false,"showFog":true,"showSkybox":true,"showFlares":true,"showImageEffects":true,"showParticleSystems":true,"showVisualEffectGraphs":true,"m_FxEnabled":true},"in2DMode":false,"pivot":{"x":-0.8064470291137695,"y":-0.4575614929199219,"z":2.1166248321533205},"rotation":{"x":0.31647688150405886,"y":-0.20360447466373444,"z":0.06973816454410553,"w":0.9239259958267212},"size":10.704070091247559,"orthographic":false}