{"cameraMode":{"drawMode":0,"name":"Shaded","section":"Shading Mode"},"sceneLighting":true,"audioPlay":false,"sceneViewState":{"m_AlwaysRefresh":false,"showFog":true,"showSkybox":true,"showFlares":true,"showImageEffects":true,"showParticleSystems":true,"showVisualEffectGraphs":true,"m_FxEnabled":true},"in2DMode":false,"pivot":{"x":1255.5015869140625,"y":233.4217529296875,"z":-1193.0400390625},"rotation":{"x":0.008883838541805745,"y":-0.1681017428636551,"z":0.001494507770985365,"w":0.9857861995697022},"size":12.943647384643555,"orthographic":false}