{"cameraMode":{"drawMode":0,"name":"Shaded","section":"Shading Mode"},"sceneLighting":true,"audioPlay":false,"sceneViewState":{"m_AlwaysRefresh":false,"showFog":true,"showSkybox":false,"showFlares":true,"showImageEffects":true,"showParticleSystems":true,"showVisualEffectGraphs":true,"m_FxEnabled":true},"in2DMode":false,"pivot":{"x":-0.20840990543365479,"y":-0.002688564360141754,"z":-0.030963163822889329},"rotation":{"x":0.06576679646968842,"y":-0.7513911128044128,"z":0.07578655332326889,"w":0.6522653102874756},"size":0.248896524310112,"orthographic":false}